Class,Avg_Amount
0,87.24992106897449
1,164.23385542168674
