Time,Amount,Time_hours,Case Rank
154278.0,1504.93,42.855,1
62467.0,1402.16,17.351944444444445,2
154309.0,1096.99,42.86361111111111,3
147501.0,996.27,40.9725,4
87883.0,829.41,24.411944444444444,5
39729.0,776.83,11.035833333333333,6
64785.0,720.38,17.995833333333334,7
140308.0,592.9,38.974444444444444,8
52814.0,519.9,14.670555555555556,9
60353.0,454.82,16.764722222222222,10
