Time,Amount,Time_hours
154278.0,1504.93,42.855
62467.0,1402.16,17.351944444444445
154309.0,1096.99,42.86361111111111
147501.0,996.27,40.9725
87883.0,829.41,24.411944444444444
39729.0,776.83,11.035833333333333
64785.0,720.38,17.995833333333334
140308.0,592.9,38.974444444444444
52814.0,519.9,14.670555555555556
60353.0,454.82,16.764722222222222
